assignment_title,instructions,essay_text,score,max_score,label
climate change,make sure your essay is well structured and the and have good reference in it,"Climate change is one of the most pressing challenges facing Malawi today. Over the past decade, the country has experienced increasingly erratic rainfall patterns, prolonged droughts, and devastating floods that have destroyed crops and displaced thousands of families. In 2015, Cyclone Idai caused widespread flooding in the Shire Valley, destroying over 60,000 hectares of farmland and leaving many communities without food. Smallholder farmers, who make up more than 80% of Malawi's agricultural workforce, are particularly vulnerable because they depend entirely on rain-fed agriculture. Rising temperatures have also accelerated soil erosion and reduced water levels in Lake Malawi, threatening fish stocks that millions of people rely on for protein. The government has responded by launching the Malawi National Adaptation Programme of Action, which promotes conservation agriculture and early warning systems. However, more investment in climate-resilient infrastructure, reforestation, and sustainable land management is urgently needed to protect future generations from the worst impacts of climate change.",85,100,good
climate change,make sure your essay is well structured and the and have good reference in it,"Climate change in Malawi is a critical issue. Malawi faces droughts and floods every year. Farmers suffer because of unpredictable rains. The government is trying to help by promoting conservation farming. Lake Malawi water levels are dropping. More trees should be planted to help the environment. Climate change affects all of us.",42,100,weak
climate change,make sure your essay is well structured and the and have good reference in it,"i dont know about climate change. it is hot sometimes and cold sometimes. malawi has rain in december. i dont know what else to say about it. my name is student and i wrote this essay.",10,100,poor
climate change,make sure your essay is well structured and the and have good reference in it,"Malawi is experiencing severe climate change impacts including prolonged dry spells, erratic rainfall and cyclones that devastate agriculture. Five key challenges include: first, food insecurity as smallholder farmers who form 80% of the workforce lose harvests due to drought; second, flooding particularly in the Shire Valley destroying infrastructure and displacing communities; third, reduced water resources as Lake Malawi levels drop affecting fisheries and hydropower; fourth, increased disease burden as malaria and cholera spread with changing weather patterns; fifth, deforestation accelerating as communities clear land for subsistence farming under food pressure. Malawi's National Adaptation Programme promotes conservation agriculture but underfunding limits impact. International climate finance under the Paris Agreement is critical for Malawi to build resilience.",92,100,excellent
climate change,make sure your essay is well structured and the and have good reference in it,"Climate change is affecting Malawi through droughts, floods and rising temperatures. Malawi depends on rain for farming so unpredictable weather causes food shortages. The country also loses forests due to deforestation which makes climate change worse. Government programmes exist but resources are limited. Communities need to be educated on climate adaptation strategies such as irrigation and drought resistant crops.",60,100,satisfactory
climate change,make sure your essay is well structured and the and have good reference in it,"Football is a popular sport played around the world. The FIFA World Cup is the biggest football tournament. Many African countries participate including Malawi. The sport requires teamwork and physical fitness. I enjoy watching football on television with my family.",5,100,off_topic
climate change,make sure your essay is well structured and the and have good reference in it,"Malawi is one of the most climate-vulnerable countries in sub-Saharan Africa. The five major challenges posed by climate change include erratic rainfall disrupting the agricultural calendar for smallholder farmers who produce 80% of national food supply; increasing frequency of floods and cyclones such as Freddy in 2023 which destroyed homes and crops in the Southern Region; prolonged dry spells reducing water levels in the Shire River threatening the Kapichira hydropower station which provides 60% of national electricity; rising temperatures increasing the spread of malaria and waterborne diseases; and deforestation as communities cut trees for charcoal under economic pressure, worsening carbon emissions. According to the Malawi National Climate Change Policy, adaptation strategies include conservation farming, reforestation, and community early warning systems. However, Malawi needs substantially more climate finance from developed nations under the UNFCCC to build long-term resilience.",95,100,excellent
climate change,make sure your essay is well structured and the and have good reference in it,"Climate change is bad for Malawi. There are floods and droughts. People suffer. The government should do something. Other countries should help Malawi. Climate change is a global problem that needs a global solution. We need to plant more trees.",25,100,poor
climate change,make sure your essay is well structured and the and have good reference in it,"Malawi faces five key climate change challenges. First, erratic rainfall causes crop failures for smallholder farmers. Second, flooding damages infrastructure and displaces people. Third, drought reduces water availability for drinking and irrigation. Fourth, rising temperatures increase disease. Fifth, deforestation worsens the carbon cycle. These challenges threaten food security and economic development in Malawi.",65,100,satisfactory
climate change,make sure your essay is well structured and the and have good reference in it,"Technology is advancing rapidly in the 21st century. Artificial intelligence, smartphones and the internet have changed how we communicate and work. Social media connects people across the world. In Malawi, mobile money has transformed banking for rural communities. Technology is the future of development.",5,100,off_topic
com 542,write a five page essay on on the above text,"Java is the most widely taught programming language for beginners because it enforces strong object-oriented principles from the start. Key reasons include its platform independence through the Java Virtual Machine, its strict type system that teaches good coding habits, its large standard library, and widespread industry adoption. Beginners learn core OOP concepts such as classes, objects, inheritance, polymorphism and encapsulation through Java. The language's verbosity, while sometimes criticized, forces students to understand code structure explicitly rather than relying on shortcuts. Most computer science departments worldwide use Java as their introductory language for these reasons.",75,100,good
com 542,write a five page essay on on the above text,"Java is used by beginners because it is easy to learn. It has classes and objects. You can run Java on any computer using the JVM. Java is used in Android development. Many universities teach Java first. It is a popular language.",35,100,weak
com 542,write a five page essay on on the above text,"i like java. java is a programming language. you write code in java. it has a main method. java is used for making apps. that is all i know about java.",12,100,poor
com 542,write a five page essay on on the above text,"Java remains the dominant introductory programming language in computer science education due to several foundational advantages. First, Java enforces object-oriented programming from the outset, requiring students to think in terms of classes, objects, methods and encapsulation before writing any meaningful program. This builds strong conceptual foundations. Second, Java's platform independence via the JVM means students code once and run anywhere, simplifying the learning environment. Third, Java's strict compile-time type checking catches errors early, teaching debugging discipline. Fourth, Java's extensive standard library exposes beginners to real-world APIs for data structures, file I/O, and networking. Fifth, Java's massive industry presence means beginner skills translate directly to employability. Studies by the ACM show Java appears in over 70% of introductory CS curricula globally. While Python has recently challenged this dominance, Java's rigour makes it uniquely suited to teaching programming fundamentals rigorously.",90,100,excellent
com 542,write a five page essay on on the above text,"Java is a basic language for beginners for several reasons. It teaches object oriented programming which includes classes objects and inheritance. It runs on the Java Virtual Machine so it works on any platform. Java has a large community and many resources for learning. It is also used widely in the industry so students can find jobs after learning it. The syntax is straightforward and the compiler catches errors early which helps beginners learn to debug.",58,100,satisfactory
com 542,write a five page essay on on the above text,"Malawi is a landlocked country in southern Africa. It borders Tanzania, Zambia and Mozambique. Lake Malawi is one of the largest lakes in Africa. The country has a population of about 20 million people. Agriculture is the main economic activity.",5,100,off_topic
com 542,write a five page essay on on the above text,"Java is the foundational language for most beginner programmers because it combines simplicity with professional-grade structure. Unlike scripting languages, Java requires explicit declaration of data types, class structures and method signatures, meaning students learn the anatomy of professional code from day one. The object-oriented paradigm enforced by Java, including classes, objects, inheritance, polymorphism, abstraction and encapsulation, maps directly to how real enterprise software is architected. The Java Virtual Machine ensures write-once run-anywhere portability. Java's exception handling system teaches beginners how professional programs manage errors gracefully. The language's rich ecosystem of IDEs like Eclipse and IntelliJ provides intelligent code completion and debugging tools that scaffold the learning process. Furthermore Java's use in Android development, enterprise backend systems and big data frameworks like Hadoop means that beginner Java skills remain professionally relevant long after the introductory course.",93,100,excellent
com 542,write a five page essay on on the above text,"Java is good for beginners. It has OOP. Classes and objects are important in Java. You can inherit from parent classes. Java runs on JVM. Many companies use Java. It is a good language to learn first.",28,100,poor
com 542,write a five page essay on on the above text,"Java teaches beginners object oriented programming through its strict class-based structure. The JVM provides platform independence. Java's strong typing helps catch errors at compile time. The language is widely used in industry and Android development making it a practical first language for career-ready skills.",55,100,satisfactory
climate change,make sure your essay is well structured and the and have good reference in it,"Malawi's vulnerability to climate change stems from its heavy reliance on rain-fed smallholder agriculture and limited adaptive capacity. The five key challenges include: agricultural disruption from erratic rainfall reducing maize yields by up to 30% in dry years according to the World Food Programme; flooding from intense storms including Cyclone Ana and Freddy causing infrastructure loss and displacement; water scarcity as perennial rivers dry up seasonally and borehole levels drop; health impacts as malaria vectors expand geographically with warmer temperatures; and energy insecurity as drought reduces hydropower output at Kapichira Falls. Reference to the Malawi National Adaptation Programme of Action and the IPCC Sixth Assessment Report shows these challenges require integrated adaptation strategies including climate-smart agriculture, early warning systems, and green infrastructure investment.",88,100,good
climate change,make sure your essay is well structured and the and have good reference in it,"Climate change affects developing countries more than rich countries. Malawi is poor so it suffers more. Droughts make farming hard. Floods destroy homes. The government needs help from richer countries. This is unfair because rich countries caused most of the carbon emissions. Malawi must adapt but also get compensation.",40,100,weak
com 542,write a five page essay on on the above text,"Object-oriented programming through Java gives beginners a professional framework. Java enforces class design, method signatures and type safety. Students learn inheritance and polymorphism through practical exercises. The JVM enables cross-platform development. Java's standard library covers collections, networking and file handling essential for real projects.",62,100,satisfactory
climate change,make sure your essay is well structured and the and have good reference in it,"Music is an important part of Malawian culture. Traditional music includes instruments like the ngoni and mbira. Modern music blends traditional rhythms with contemporary styles. Music education should be supported in schools across Malawi.",3,100,off_topic
com 542,write a five page essay on on the above text,"Religion plays a big role in Malawian society. Christianity and Islam are the main religions. Churches and mosques are important community centers. Religion influences education, health and social norms in Malawi.",3,100,off_topic
assignment_title,instructions,essay_text,score,max_score,label
com 542,write a five page essay on why java is the basic language learned for most basic beginners,"Java is the foundational programming language taught to most beginners in computer science because it enforces object-oriented programming principles from the very first line of code. Unlike scripting languages such as Python, Java requires students to explicitly declare data types, define class structures, and write method signatures, which means learners understand the anatomy of professional code from day one. The object-oriented paradigm enforced by Java including classes, objects, inheritance, polymorphism, abstraction and encapsulation maps directly to how real enterprise software is designed and built. The Java Virtual Machine ensures write-once run-anywhere portability across operating systems. Java's exception handling system teaches beginners how professional programs manage errors gracefully rather than crashing unexpectedly. The rich ecosystem of IDEs like Eclipse and IntelliJ provides intelligent code completion and debugging tools that scaffold the learning process for new programmers. Furthermore Java's use in Android development, enterprise backend systems and big data frameworks like Hadoop means that beginner Java skills remain professionally relevant long after the introductory course ends. Studies by the ACM show Java appears in over 70% of introductory computer science curricula globally.",95,100,excellent
com 542,write a five page essay on why java is the basic language learned for most basic beginners,"Java is the most widely taught programming language for beginners because it enforces strong object-oriented principles from the start. Key reasons include its platform independence through the Java Virtual Machine, its strict type system that teaches good coding habits, its large standard library, and widespread industry adoption. Beginners learn core OOP concepts such as classes, objects, inheritance, polymorphism and encapsulation through Java. The language's verbosity, while sometimes criticized, forces students to understand code structure explicitly rather than relying on shortcuts. Most computer science departments worldwide use Java as their introductory language for these reasons.",82,100,good
com 542,write a five page essay on why java is the basic language learned for most basic beginners,"Java teaches beginners object oriented programming through its strict class-based structure. The JVM provides platform independence. Java's strong typing helps catch errors at compile time. The language is widely used in industry and Android development making it a practical first language for career-ready skills. Java also has a large community and many learning resources available online.",65,100,satisfactory
com 542,write a five page essay on why java is the basic language learned for most basic beginners,"Java is used by beginners because it is easy to learn. It has classes and objects. You can run Java on any computer using the JVM. Java is used in Android development. Many universities teach Java first.",35,100,weak
com 542,write a five page essay on why java is the basic language learned for most basic beginners,"Java is a programming language. It is popular. Many people use Java. It runs on computers. Java has code in it.",15,100,poor
com 542,write a five page essay on why java is the basic language learned for most basic beginners,"Football is a popular sport played around the world. The FIFA World Cup is the biggest football tournament. Many African countries participate including Malawi. The sport requires teamwork and physical fitness.",3,100,off_topic
com 542,write a five page essay on why java is the basic language learned for most basic beginners,"Java remains the dominant introductory programming language in computer science education. First, Java enforces object-oriented programming from the outset, requiring students to think in terms of classes and objects before writing any meaningful program. Second, the JVM provides platform independence. Third, Java's strict compile-time type checking catches errors early. Fourth, Java's extensive standard library covers data structures, file I/O, and networking. Fifth, Java's massive industry presence means beginner skills translate directly to employability.",90,100,excellent
com 542,write a five page essay on why java is the basic language learned for most basic beginners,"Java is good for beginners because it teaches OOP. Classes and objects are core to Java. Inheritance allows code reuse. The JVM runs Java on any platform. Many companies use Java in production.",42,100,weak
com 542,write a five page essay on why java is the basic language learned for most basic beginners,"Object oriented programming through Java gives beginners a professional framework. Java enforces class design, method signatures and type safety. Students learn inheritance and polymorphism through practical exercises. The JVM enables cross-platform development. Java's standard library covers collections, networking and file handling essential for real projects.",60,100,satisfactory
com 542,write a five page essay on why java is the basic language learned for most basic beginners,"Malawi is a landlocked country in southern Africa. It borders Tanzania, Zambia and Mozambique. Lake Malawi is one of the largest lakes in Africa. Agriculture is the main economic activity in Malawi.",2,100,off_topic
com 542,write a five page essay on why java is the basic language learned for most basic beginners,"i dont know about java. java is something. i dont understand programming. i wrote this essay but i do not know what to say.",8,100,poor
com 542,write a five page essay on why java is the basic language learned for most basic beginners,"Java is a strongly typed object-oriented language that makes it ideal for beginners because it forces disciplined coding practices. The Java compiler catches type mismatches, null references and structural errors before the program even runs, teaching students to write clean correct code from the start. Java's class-based architecture means every program is organized into reusable modular units that mirror professional software design. The garbage collector manages memory automatically so beginners do not need to handle memory allocation manually unlike in C or C++. Java's standard library provides ready-made implementations of common data structures like ArrayList, HashMap and LinkedList allowing students to focus on algorithmic thinking rather than low-level implementation. The strong community and abundance of tutorials, documentation and open source projects means beginners never learn alone.",88,100,excellent
com 542,write a five page essay on why java is the basic language learned for most basic beginners,"Java teaches programming fundamentals well. It has OOP, strong typing, and runs on JVM. Beginners learn classes, methods, loops and conditionals. Java is used in many industries. It is a safe choice for first language.",50,100,satisfactory
com 542,write a five page essay on why java is the basic language learned for most basic beginners,"Religion plays a big role in society. Churches and mosques are important community centers. Faith influences education and social norms in many countries.",2,100,off_topic
com 542,write a five page essay on why java is the basic language learned for most basic beginners,"Java has syntax. You write public static void main. Then you write code inside the curly braces. Java uses semicolons at end of lines. That is how Java works.",12,100,poor
com 542,write a five page essay on why java is the basic language learned for most basic beginners,"Java is preferred for beginners in five key ways. First its object-oriented structure mirrors real-world problem solving. Second its platform independence via JVM simplifies deployment. Third its strict type system builds debugging discipline. Fourth its large standard library accelerates practical learning. Fifth its industry dominance in Android and enterprise systems guarantees career relevance. These combined factors make Java the most pedagogically sound first programming language choice.",85,100,good
com 542,write a five page essay on why java is the basic language learned for most basic beginners,"Java programming is done in classes. Each class has methods. The main method is the entry point. Variables must be declared with a type. Loops include for and while. If statements control flow. Java is compiled before running.",30,100,weak
com 542,write a five page essay on why java is the basic language learned for most basic beginners,"The weather in Malawi is tropical. It rains in the summer months. Temperatures are high. Farmers depend on rainfall for growing maize and other crops.",2,100,off_topic
com 542,write a five page essay on why java is the basic language learned for most basic beginners,"Java is the foundational language for beginner programmers because it combines simplicity with professional-grade structure. Java requires explicit declaration of data types, class structures and method signatures meaning students learn the anatomy of professional code from day one. The object-oriented paradigm enforced by Java including classes, objects, inheritance, polymorphism, abstraction and encapsulation maps directly to how real enterprise software is architected. Exception handling teaches beginners how professional programs manage errors gracefully. IDEs like Eclipse and IntelliJ provide intelligent code completion and debugging scaffolding. Java's use in Android, enterprise backends and Hadoop means beginner skills remain professionally relevant.",93,100,excellent
com 542,write a five page essay on why java is the basic language learned for most basic beginners,"Java is basic for beginners. It uses OOP. JVM helps run on all systems. Many jobs need Java.",22,100,poor
climate change,make sure your essay is well structured and have good references in it,"Climate change is one of the most pressing challenges facing Malawi today. Over the past decade, the country has experienced increasingly erratic rainfall patterns, prolonged droughts, and devastating floods that have destroyed crops and displaced thousands of families. In 2015, Cyclone Idai caused widespread flooding in the Shire Valley, destroying over 60,000 hectares of farmland and leaving many communities without food. Smallholder farmers, who make up more than 80% of Malawi's agricultural workforce, are particularly vulnerable because they depend entirely on rain-fed agriculture. Rising temperatures have also accelerated soil erosion and reduced water levels in Lake Malawi, threatening fish stocks that millions of people rely on for protein. The government has responded by launching the Malawi National Adaptation Programme of Action, which promotes conservation agriculture and early warning systems. However, more investment in climate-resilient infrastructure, reforestation, and sustainable land management is urgently needed to protect future generations from the worst impacts of climate change.",88,100,excellent
climate change,make sure your essay is well structured and have good references in it,"Climate change in Malawi is a critical issue. Malawi faces droughts and floods every year. Farmers suffer because of unpredictable rains. The government is trying to help by promoting conservation farming. Lake Malawi water levels are dropping. More trees should be planted to help the environment.",42,100,weak
climate change,make sure your essay is well structured and have good references in it,"i dont know about climate change. it is hot sometimes and cold sometimes. malawi has rain in december. i dont know what else to say.",8,100,poor
climate change,make sure your essay is well structured and have good references in it,"Malawi is experiencing severe climate change impacts including prolonged dry spells, erratic rainfall and cyclones that devastate agriculture. Five key challenges include: first, food insecurity as smallholder farmers who form 80% of the workforce lose harvests due to drought; second, flooding particularly in the Shire Valley destroying infrastructure and displacing communities; third, reduced water resources as Lake Malawi levels drop affecting fisheries and hydropower; fourth, increased disease burden as malaria and cholera spread with changing weather patterns; fifth, deforestation accelerating as communities clear land for subsistence farming under food pressure. Malawi's National Adaptation Programme promotes conservation agriculture but underfunding limits impact. International climate finance under the Paris Agreement is critical for Malawi to build resilience.",94,100,excellent
climate change,make sure your essay is well structured and have good references in it,"Climate change is affecting Malawi through droughts, floods and rising temperatures. Malawi depends on rain for farming so unpredictable weather causes food shortages. The country also loses forests due to deforestation which makes climate change worse. Government programmes exist but resources are limited. Communities need education on climate adaptation strategies such as irrigation and drought resistant crops.",60,100,satisfactory
climate change,make sure your essay is well structured and have good references in it,"Football is a popular sport played around the world. The FIFA World Cup is the biggest football tournament. Many African countries participate including Malawi.",3,100,off_topic
climate change,make sure your essay is well structured and have good references in it,"Malawi is one of the most climate-vulnerable countries in sub-Saharan Africa. The five major challenges posed by climate change include erratic rainfall disrupting the agricultural calendar for smallholder farmers who produce 80% of national food supply; increasing frequency of floods and cyclones such as Freddy in 2023 which destroyed homes and crops in the Southern Region; prolonged dry spells reducing water levels in the Shire River threatening the Kapichira hydropower station which provides 60% of national electricity; rising temperatures increasing the spread of malaria and waterborne diseases; and deforestation as communities cut trees for charcoal under economic pressure. According to the Malawi National Climate Change Policy, adaptation strategies include conservation farming, reforestation, and community early warning systems.",96,100,excellent
climate change,make sure your essay is well structured and have good references in it,"Climate change is bad for Malawi. There are floods and droughts. People suffer. The government should do something. Other countries should help Malawi. Climate change is a global problem.",25,100,poor
climate change,make sure your essay is well structured and have good references in it,"Malawi faces five key climate change challenges. First, erratic rainfall causes crop failures for smallholder farmers. Second, flooding damages infrastructure and displaces people. Third, drought reduces water availability. Fourth, rising temperatures increase disease. Fifth, deforestation worsens the carbon cycle. These challenges threaten food security and economic development in Malawi.",65,100,satisfactory
climate change,make sure your essay is well structured and have good references in it,"Technology is advancing rapidly in the 21st century. Artificial intelligence and smartphones have changed how we communicate. Social media connects people across the world.",3,100,off_topic
climate change,make sure your essay is well structured and have good references in it,"Malawi's vulnerability to climate change stems from its heavy reliance on rain-fed smallholder agriculture and limited adaptive capacity. Agricultural disruption from erratic rainfall reduces maize yields by up to 30% in dry years according to the World Food Programme. Flooding from intense storms including Cyclone Ana and Freddy causes infrastructure loss and displacement. Water scarcity increases as perennial rivers dry up seasonally. Health impacts multiply as malaria vectors expand geographically with warmer temperatures. Energy insecurity grows as drought reduces hydropower output at Kapichira Falls. Reference to the IPCC Sixth Assessment Report shows these challenges require integrated adaptation strategies including climate-smart agriculture and green infrastructure investment.",90,100,excellent
climate change,make sure your essay is well structured and have good references in it,"Climate change affects developing countries more than rich countries. Malawi is poor so it suffers more. Droughts make farming hard. Floods destroy homes. The government needs help from richer countries. Malawi must adapt but also get compensation from those who caused emissions.",40,100,weak
climate change,make sure your essay is well structured and have good references in it,"Music is an important part of Malawian culture. Traditional music includes instruments like the ngoni and mbira. Modern music blends traditional rhythms with contemporary styles.",2,100,off_topic
com 542,write a five page essay on why java is the basic language learned for most basic beginners,"Java is considered the best starting language for beginners because of its structured approach to programming. When a student writes their first Java program they must define a class, declare a main method, and use proper syntax including semicolons and curly braces. This structure teaches discipline and precision that translates to any programming language. Java's object-oriented model using classes and objects reflects how real-world systems are modeled in professional software. Polymorphism allows one interface to work for different underlying data types making code flexible and reusable. Encapsulation protects data integrity by controlling access through private and public modifiers. These OOP principles are industry standards used in Java Spring, Android, and enterprise systems worldwide making Java graduates immediately employable.",87,100,good
com 542,write a five page essay on why java is the basic language learned for most basic beginners,"Java uses classes and methods. The main method starts execution. Variables need types like int or String. Loops repeat code. Arrays store multiple values. These are the basics of Java programming for beginners.",28,100,weak
com 542,write a five page essay on why java is the basic language learned for most basic beginners,"Java is an object-oriented programming language. It was created by James Gosling at Sun Microsystems in 1995. Java is platform independent because of the JVM. It is used for web development, mobile apps, and enterprise software. Java has a large community of developers worldwide.",45,100,satisfactory
climate change,make sure your essay is well structured and have good references in it,"Climate change refers to long-term shifts in global temperatures and weather patterns. While some shifts are natural, human activities since the 1800s have been the main driver particularly the burning of fossil fuels. In Malawi, climate change manifests as irregular rainfall, flash floods, and prolonged dry seasons. These changes directly threaten food security for millions who depend on subsistence farming. The IPCC has warned that without immediate global action, temperatures could rise 1.5 degrees Celsius above pre-industrial levels within two decades, causing catastrophic damage to low-lying nations and agricultural economies like Malawi. Adaptation strategies including drought-resistant crop varieties, rainwater harvesting, and reforestation programs are being implemented with support from international organizations but at insufficient scale.",83,100,good
climate change,make sure your essay is well structured and have good references in it,"Climate change means the world is getting hotter. Ice is melting. Sea levels rise. Animals lose their homes. People suffer. We must stop using fossil fuels. Plant more trees. Save the environment for our children.",20,100,poor
com 542,write a five page essay on why java is the basic language learned for most basic beginners,"I like Java. Java is fun to code. You write code and it runs. Java has many things to learn. It is a good language for students.",10,100,poor
climate change,make sure your essay is well structured and have good references in it,"The economy of Malawi depends on agriculture, tourism and small businesses. GDP has been growing slowly. Inflation affects prices. The kwacha has weakened against foreign currencies. Government debt is increasing.",2,100,off_topic
com 542,write a five page essay on why java is the basic language learned for most basic beginners,"Java's dominance in computer science education comes from five key strengths that directly benefit beginners. First, its mandatory class structure forces students to think about software architecture from their very first program. Second, strong static typing means the compiler identifies type errors before runtime, teaching debugging habits early. Third, automatic garbage collection removes the burden of manual memory management that overwhelms beginners in languages like C. Fourth, the comprehensive Java standard library gives students access to professional-grade data structures and algorithms without writing them from scratch. Fifth, massive industry adoption means the patterns learned in a beginner Java course directly apply to enterprise development, Android programming, and backend services used by millions of users globally.",91,100,excellent
climate change,make sure your essay is well structured and have good references in it,"Climate change is a global emergency that disproportionately affects developing nations like Malawi that contribute minimally to global carbon emissions. Malawi emits less than 0.01% of global greenhouse gases yet faces some of the most severe climate impacts. The country experiences increasingly unpredictable rainfall that devastates maize harvests, the primary food crop. According to FEWS NET, southern Malawi regularly enters emergency food insecurity phases following failed rains. Cyclone Freddy in 2023 was the longest-lasting tropical cyclone ever recorded, killing hundreds and destroying crops across the Southern Region. The Malawi government has developed a National Climate Change Policy and National Adaptation Plan but implementation is severely underfunded. International climate justice demands that wealthy emitting nations provide meaningful financial support to nations like Malawi that bear the greatest burden of a crisis they did not create.",92,100,excellent
com 542,write a five page essay on why java is the basic language learned for most basic beginners,"Java syntax has public class and public static void main. System.out.println prints output. Scanner reads input from user. If else controls decisions. For loops repeat tasks. These syntax elements are what beginners learn first in Java.",32,100,weak
climate change,make sure your essay is well structured and have good references in it,"Global warming is caused by greenhouse gases like CO2 and methane. These gases trap heat in the atmosphere. Temperatures rise globally. Ice caps melt causing sea levels to rise. Extreme weather events become more frequent. Governments must act now to reduce emissions through renewable energy and energy efficiency policies.",38,100,weak
com 542,write a five page essay on why java is the basic language learned for most basic beginners,"Java was designed to be simple, robust and secure from the beginning. Its designers at Sun Microsystems wanted a language that was familiar to C programmers but removed the dangerous features like pointers and manual memory management. For beginners this means Java is forgiving enough to learn without crashing systems while still being powerful enough to build real applications. The write once run anywhere philosophy means students only need to learn one language to deploy on Windows, Mac or Linux. This simplicity combined with professional power is exactly what makes Java the ideal starting language for most computer science programs worldwide.",70,100,satisfactory